<?xml version="1.0" encoding="utf-8" ?>

<LanguageData>
	<VF_EnterVehicle>Board {0} as {1}  [{2}]</VF_EnterVehicle>
	
	<VF_BoardVehicleGroup>Board {0}</VF_BoardVehicleGroup>
	<VF_BoardVehicleGroupFail>Board {0} (Too many selected)</VF_BoardVehicleGroupFail>
	
	<VF_ActivityIconOnBoardShip>Onboard {0}</VF_ActivityIconOnBoardShip>
	<VF_IsIncapableOfRamming>Ram {0}</VF_IsIncapableOfRamming>
	<VF_CannotMoveToCell>{0} cannot reach this area.</VF_CannotMoveToCell>
	
	<!-- Aerial Vehicles -->
	<VF_LandVehicleHere>Land Vehicle Here</VF_LandVehicleHere>
	<VF_LandVehicleEdge>Land in {0} at edge of map.</VF_LandVehicleEdge>
	<VF_LandVehicleCenter>Land in {0} in center.</VF_LandVehicleCenter>
	<VF_LandVehicleTargetedLanding>Land in {0} and choose landing spot.</VF_LandVehicleTargetedLanding>
	<VF_AttackAndTargetLanding>Attack {0}: Choose Landing</VF_AttackAndTargetLanding>
	
	<VF_StrafeRun>Strafe</VF_StrafeRun>
	<VF_AerialReconSite>Recon</VF_AerialReconSite>
	
	<VF_CantEnterVehicle_IdeoligionForbids>Can't enter vehicle. Forbidden by ideoligion.</VF_CantEnterVehicle_IdeoligionForbids>
</LanguageData>
