<?xml version="1.0" encoding="utf-8" ?>

<LanguageData>
	<!-- Color Picker -->
	<VF_MustSelectColorPalette>Must have a palette selected to save over.</VF_MustSelectColorPalette>

	<!-- Vehicles -->
	<VF_VehicleUnableToMove>{0_labelShort} is unable to move.</VF_VehicleUnableToMove>
	<VF_VehicleImmobileDeployed>{0_labelShort} is deployed and unable to move.</VF_VehicleImmobileDeployed>
	<VF_HandlerNotEnoughRoom>Failed to add {0} to {1}. No more space available.</VF_HandlerNotEnoughRoom>
	
	<VF_NotEnoughToOperate>Cannot move. Needs more crew in order to operate.</VF_NotEnoughToOperate>
	<VF_UpgradeInProgress>Cannot draft while {0} is upgrading.</VF_UpgradeInProgress>
	<VF_NotEnoughCrew>Not enough colonists in {0} to operate {1}.</VF_NotEnoughCrew>
	
	<VF_CannotFit>Not enough space.</VF_CannotFit>
	<VF_NoPathForVehicle>Cannot path here.</VF_NoPathForVehicle>
	<VF_IncapableStatusForRole>{0} is incapable of fulfilling this role.</VF_IncapableStatusForRole>
	
	<VF_InvalidName>Name invalid for Vehicle.</VF_InvalidName>
	<VF_OutOfFood>No food in {0} with Pawns onboard.</VF_OutOfFood>
	
	<!-- Turrets -->
	<VF_NoAmmoLoadedTurret>No ammo loaded.</VF_NoAmmoLoadedTurret>
	<VF_NoAmmoAvailable>No ammo available in inventory.</VF_NoAmmoAvailable>
	
	<!-- Caravan -->
	<VF_VehicleCaravanMentalBreakMovementRole>{0} is no longer able to operate their role for the vehicle caravan.</VF_VehicleCaravanMentalBreakMovementRole>
	<VF_PawnBoardedFormingCaravan>{0} has boarded the {1} and is ready for departure.</VF_PawnBoardedFormingCaravan>
	<VF_CantAssignVehicle>Not enough pawns for {0}.</VF_CantAssignVehicle>
	<VF_AssignFailure>Failed to assign seats. {0}</VF_AssignFailure>
	<VF_PackingSpotNotFound>Packing Spot was not found for Vehicle caravan. It is recommended you place a Packing Spot from Misc.</VF_PackingSpotNotFound>
	<VF_ForceLeaveCaravan>Force to Leave</VF_ForceLeaveCaravan>
	<VF_ForceLeaveCaravanDesc>Force Vehicle Caravan to leave the map. Will skip loading whatever items are not currently onboard.</VF_ForceLeaveCaravanDesc>
	<VF_ForceLeaveConfirmation>Crew is preparing to leave.</VF_ForceLeaveConfirmation>
	<VF_CaravanTerminatedNoVehicles>Caravan process has been terminated. No vehicles remain.</VF_CaravanTerminatedNoVehicles>
	<VF_LandAndSeaRoutePlannerRestriction>Cannot plan route for both Sea and Land vehicles. Paths will not register.</VF_LandAndSeaRoutePlannerRestriction>
	<VF_LeaveVehicleBehindCaravan>Are you sure you want to leave Vehicles behind? Vehicles left behind: {0}</VF_LeaveVehicleBehindCaravan>
	<VF_MustAssignEnoughToVehicle>Must assign enough colonists to man vehicle.</VF_MustAssignEnoughToVehicle>
	
	<!-- Aerial Vehicles -->
	<VF_AerialVehicleArrived>{0} has arrived at their destination.</VF_AerialVehicleArrived>
	<VF_AerialVehicleLeft>{0} has left the map.</VF_AerialVehicleLeft>
	<VF_AerialVehicleLaunchNotValid>Unable to launch, conditions are not suitable.</VF_AerialVehicleLaunchNotValid>
	<VF_LaunchOutOfFuel>Cannot launch. Out of Fuel.</VF_LaunchOutOfFuel>
	<VF_FlightPathMaxNodes>Maximum nodes for {0}'s flight path has been reached.</VF_FlightPathMaxNodes>
	<VF_MustTargetLanding>A landing destination must be chosen.</VF_MustTargetLanding>
</LanguageData>
