<?xml version="1.0" encoding="utf-8" ?>

<LanguageData>
	<!-- Headers / Labels -->
	<VF_DevMode>DevMode</VF_DevMode>
	<VF_DevMode_Logging>Logging</VF_DevMode_Logging>
	<VF_DevMode_Troubleshooting>Troubleshooting</VF_DevMode_Troubleshooting>
	<VF_DevMode_Drawers>Visual Help</VF_DevMode_Drawers>
	<VF_DevMode_Pathing>Pathing</VF_DevMode_Pathing>
	<VF_DevMode_ShowRecentNews>Show Most Recent News</VF_DevMode_ShowRecentNews>
	<VF_DevMode_OpenQuickTestSettings>Quick Test Menu</VF_DevMode_OpenQuickTestSettings>
	<VF_DevMode_GraphEditor>Graph Editor</VF_DevMode_GraphEditor>
	
	<!-- Reset Popup Labels -->
	<VF_DevMode_ResetAll>Reset All Settings</VF_DevMode_ResetAll>
	<VF_DevMode_ResetVehicle>Reset {0}</VF_DevMode_ResetVehicle>
	<VF_DevMode_ResetAllVehicles>Reset All Vehicles</VF_DevMode_ResetAllVehicles>
	<VF_DevMode_ResetPage>Reset Page</VF_DevMode_ResetPage>
	<VF_DevMode_ResetAllConfirmation>Are you sure you want to reset all settings to original values? If you were locked out of the Mod Settings from an exception, you will need to restart after the reset.</VF_DevMode_ResetAllConfirmation>
	
	<!-- Additional Logging -->
	<VF_DevMode_DebugLogging>Log debug information.</VF_DevMode_DebugLogging>
	<VF_DevMode_DebugLoggingTooltip>Enable message logging to output specific values and pieces of information useful for debugging Vehicles. Use only if you're making a Vehicle add-on.</VF_DevMode_DebugLoggingTooltip>
	<VF_DevMode_DebugPathCostRecalculationLogging>Debug PathCost Recalculation Logging</VF_DevMode_DebugPathCostRecalculationLogging>
	<VF_DevMode_DebugPathCostRecalculationLoggingTooltip>Log summary of path cost change for all vehicles affected by region dirtying.</VF_DevMode_DebugPathCostRecalculationLoggingTooltip>
	<VF_DevMode_LogThreadActivity>Log Thread Activity</VF_DevMode_LogThreadActivity>
	<VF_DevMode_LogThreadActivityTooltip>Log ongoing async actions on the dedicated thread of the current map in view.</VF_DevMode_LogThreadActivityTooltip>

	<!-- Bypass Mechanics -->
	<VF_DevMode_DebugDraftAnyVehicle>Draft Any Vehicle</VF_DevMode_DebugDraftAnyVehicle>
	<VF_DevMode_DebugDraftAnyVehicleTooltip>Be able to draft and move any vehicle regardless of passengers. Useful for empty boats in deep water or if you want to expedite testing.</VF_DevMode_DebugDraftAnyVehicleTooltip>
	<VF_DevMode_DebugShootAnyTurret>Shoot Any Turret</VF_DevMode_DebugShootAnyTurret>
	<VF_DevMode_DebugShootAnyTurretTooltip>Be able to shoot any turret regardless if the turret is being operated.</VF_DevMode_DebugShootAnyTurretTooltip>
	<VF_DevMode_DebugSpawnVehiclesGodMode>Spawn Vehicle Buildings (god mode)</VF_DevMode_DebugSpawnVehiclesGodMode>
	<VF_DevMode_DebugSpawnVehiclesGodModeTooltip>Vehicle blueprints being placed in godmode will spawn the Building variant as opposed to generating a VehiclePawn for spawning.</VF_DevMode_DebugSpawnVehiclesGodModeTooltip>
	
	<!-- Additional Info -->
	<VF_DevMode_DebugDrawUpgradeNodeGrid>Draw UpgradeTree Grid</VF_DevMode_DebugDrawUpgradeNodeGrid>
	<VF_DevMode_DebugDrawUpgradeNodeGridTooltip>Draw UpgradeTree grid for placement on (x,y) axis.</VF_DevMode_DebugDrawUpgradeNodeGridTooltip>
	<VF_DevMode_DebugDrawHitbox>Draw Hitbox</VF_DevMode_DebugDrawHitbox>
	<VF_DevMode_DebugDrawHitboxTooltip>Draw vehicle's hitbox by highlighting the map cells the vehicle occupies.</VF_DevMode_DebugDrawHitboxTooltip>
	<VF_DevMode_DebugDrawVehicleTracks>Draw VehicleTracks</VF_DevMode_DebugDrawVehicleTracks>
	<VF_DevMode_DebugDrawVehicleTracksTooltip>Draw cells occupied by vehicle's "VehicleTracks" which mark what cells will end up being damaged per move action.</VF_DevMode_DebugDrawVehicleTracksTooltip>
	<VF_DevMode_DebugDrawBumpers>Draw Vehicle Bumpers</VF_DevMode_DebugDrawBumpers>
	<VF_DevMode_DebugDrawBumpersTooltip>Draw cells immediately in front of vehicle that will indicate when the vehicle "bumps" into something and halts pathing.</VF_DevMode_DebugDrawBumpersTooltip>
	<VF_DevMode_DebugDrawLordMeetingPoint>Draw Lord Meeting Point</VF_DevMode_DebugDrawLordMeetingPoint>
	<VF_DevMode_DebugDrawLordMeetingPointTooltip>Highlights the cell where the Form Vehicle Caravan meeting point has been set.</VF_DevMode_DebugDrawLordMeetingPointTooltip>
	<VF_DevMode_DebugDrawFleePoints>Draw Flee Points</VF_DevMode_DebugDrawFleePoints>
	<VF_DevMode_DebugDrawFleePointsTooltip>Draw pawns' attempts to flee from incoming vehicle collisions.</VF_DevMode_DebugDrawFleePointsTooltip>
	<VF_DevMode_DebugDrawCoverGrid>Draw Cover Grid</VF_DevMode_DebugDrawCoverGrid>
	<VF_DevMode_DebugDrawCoverGridTooltip>Draws cover grid values as color map on current map.</VF_DevMode_DebugDrawCoverGridTooltip>

	<!-- Pathing -->
	<VF_DevMode_DebugPathfinderDebugging>Local Pathing</VF_DevMode_DebugPathfinderDebugging>
	<VF_DevMode_DebugPathfinderDebuggingTooltip>Open menu for debugging various outputs of pathfinding (both cell based and region based)</VF_DevMode_DebugPathfinderDebuggingTooltip>
	<VF_DevMode_DebugWorldPathfinderDebugging>World Pathing</VF_DevMode_DebugWorldPathfinderDebugging>
	<VF_DevMode_DebugWorldPathfinderDebuggingTooltip>Open menu for debugging WorldPathGrid for any VehicleDef.</VF_DevMode_DebugWorldPathfinderDebuggingTooltip>
	<VF_DevMode_DebugDrawVehiclePathingCosts>Draw Path Costs</VF_DevMode_DebugDrawVehiclePathingCosts>
	<VF_DevMode_DebugDrawVehiclePathingCostsTooltip>Draw costs per cell/tile calculated from pathfinder. Shows accumulated path cost.</VF_DevMode_DebugDrawVehiclePathingCostsTooltip>
	<VF_DevMode_DebugDrawPathfinderSearch>Draw Pathfinder Search</VF_DevMode_DebugDrawPathfinderSearch>
	<VF_DevMode_DebugDrawPathfinderSearchTooltip>Draws Pathfinder search as it opens and closes nodes searching for a path.  Will also show chunk search if Hierarchal Pathfinding is enabled. Pathfinder is intentionally slowed down in order to clearly show the process, as the async search is too fast in most cases to view.</VF_DevMode_DebugDrawPathfinderSearchTooltip>
</LanguageData>
