<?xml version="1.0" encoding="utf-8" ?>

<LanguageData>
	<ST_Copy>Copy</ST_Copy>
	<ST_Paste>Paste</ST_Paste>
	<ST_Delete>Delete</ST_Delete>

	<ST_AnimationWindow>Animator</ST_AnimationWindow>
	<ST_ControllerWindow>Controller</ST_ControllerWindow>
	<ST_CreateNewClip>Create New Clip...</ST_CreateNewClip>

	<ST_RemoveProperties>Remove Properties</ST_RemoveProperties>
	<ST_AddKey>Add Key</ST_AddKey>
	<ST_RemoveKey>Delete Key</ST_RemoveKey>

	<ST_PreviewAnimation>Preview</ST_PreviewAnimation>
	<ST_PreviewAnimationTooltip>Enable/disable preview mode of entity's animation in-game</ST_PreviewAnimationTooltip>
	<ST_PlayAnimationTooltip>Play the animation</ST_PlayAnimationTooltip>
	<ST_PauseAnimationTooltip>Pause the animation</ST_PauseAnimationTooltip>
	<ST_SkipFrameBeginningTooltip>Go to the beginning of the animation</ST_SkipFrameBeginningTooltip>
	<ST_SkipFramePreviousTooltip>Go to previous keyframe</ST_SkipFramePreviousTooltip>
	<ST_SkipFrameNextTooltip>Go to next keyframe</ST_SkipFrameNextTooltip>
	<ST_SkipFrameEndTooltip>Go to the end of the animation</ST_SkipFrameEndTooltip>

	<ST_AddKeyFrame>Add keyframe</ST_AddKeyFrame>
	<ST_AddAnimationEvent>Add event</ST_AddAnimationEvent>
	<ST_AddProperty>Add Property</ST_AddProperty>
	<ST_Injected>Injected</ST_Injected>
	<ST_UnsupportedType>UnsupportedType</ST_UnsupportedType>
	<ST_NoFunctionSelected>No Function Selected</ST_NoFunctionSelected>
	<ST_NoControllerParameters>No Controller Parameters</ST_NoControllerParameters>

	<ST_DopesheetTab>Dopesheet</ST_DopesheetTab>
	<ST_CurvesTab>Curves</ST_CurvesTab>

	<ST_Layers>Layers</ST_Layers>
	<ST_Parameters>Parameters</ST_Parameters>
	<ST_Conditions>Conditions</ST_Conditions>
	<ST_CreateState>Create State</ST_CreateState>
	<ST_CreateSubState>Create Sub-State Machine</ST_CreateSubState>
	<ST_MakeTransition>Make Transition</ST_MakeTransition>
	<ST_SetStateDefault>Set as Layer Default State</ST_SetStateDefault>
	<ST_CreateBlendTree>Create new BlendTree in State</ST_CreateBlendTree>

  <ST_Loop>Loop</ST_Loop>
  <ST_CycleOffset>Cycle Offset</ST_CycleOffset>
	<ST_MotionFile>Motion</ST_MotionFile>
	<ST_MotionSpeed>Speed</ST_MotionSpeed>
	<ST_MotionSpeedMultiplier>Multiplier</ST_MotionSpeedMultiplier>
	<ST_MotionTime>Motion Time</ST_MotionTime>
	<ST_Mirror>Mirror</ST_Mirror>
	<ST_WriteDefaults>Write Defaults</ST_WriteDefaults>
	<ST_TransitionList>Transitions</ST_TransitionList>
	<ST_TransitionSolo>Solo</ST_TransitionSolo>
	<ST_TransitionMute>Mute</ST_TransitionMute>
</LanguageData>
